Country code,Country name,Series code,Series name,SCALE,Decimals,1990,1991,1992,1993,1994,1995,1996,1997,1998,1999,2000,2001,2002,2003,2004,2005,2006,2007,2008,2009,2010,2011
ABW,Aruba,SE.ENR.PRSC.FM.ZS,Ratio of girls to boys in primary & secondary school (%),0,0,0,0,0,0,0,0,0,0,0,100.268,98.222,98.782,98.36,97.993,96.276,97.927,98.692,99.42,100.179,99.226,0,0
ADO,Andorra,SE.ENR.PRSC.FM.ZS,Ratio of girls to boys in primary & secondary school (%),0,0,0,0,0,0,0,0,0,0,0,0,0,0,101.457,101.432,101.34,102.83,104.081,103.246,103.437,104.224,0,0
AFG,Afghanistan,SE.ENR.PRSC.FM.ZS,Ratio of girls to boys in primary & secondary school (%),0,0,0,53.933,0,35.782,42.525,46.569,0,0,0,0,0,0,0,54.833,41.012,55.568,58.223,57.736,59.787,62.272,0,0
AGO,Angola,SE.ENR.PRSC.FM.ZS,Ratio of girls to boys in primary & secondary school (%),0,0,0,0,0,0,0,0,0,0,82.045,0,0,0,0,0,0,0,0,0,0,0,0,0
ALB,Albania,SE.ENR.PRSC.FM.ZS,Ratio of girls to boys in primary & secondary school (%),0,0,95.035,96.063,0,0,99.83,96.829,96.109,0,0,96.031,97.365,98.417,0,97.739,97.667,0,0,0,0,99.504,0,0
ARE,United Arab Emirates,SE.ENR.PRSC.FM.ZS,Ratio of girls to boys in primary & secondary school (%),0,0,103.86,104.111,103.977,103.984,102.649,101.39,0,100.63,100.95,100.684,100.102,99.729,100.512,100.709,100.435,100.653,101.056,100.633,0,99.758,0,0
ARG,Argentina,SE.ENR.PRSC.FM.ZS,Ratio of girls to boys in primary & secondary school (%),0,0,0,0,0,0,0,0,102.813,103.057,101.879,101.435,100.918,100.644,100.493,102.51,103.534,103.832,104.058,104.501,105.033,0,0,0
ARM,Armenia,SE.ENR.PRSC.FM.ZS,Ratio of girls to boys in primary & secondary school (%),0,0,0,0,0,0,0,0,0,0,0,0,0,104.068,104.878,103.245,102.077,103.038,103.534,104.232,103.518,102.533,0,0
ASM,American Samoa,SE.ENR.PRSC.FM.ZS,Ratio of girls to boys in primary & secondary school (%),0,0,0,102.761,0,0,0,0,0,0,0,0,0,0,0,0,0,0,0,0,0,0,0,0
ATG,Antigua and Barbuda,SE.ENR.PRSC.FM.ZS,Ratio of girls to boys in primary & secondary school (%),0,0,0,0,0,0,0,0,0,0,0,0,135.315,0,0,0,0,0,0,96.246,94.358,97.117,0,0
AUS,Australia,SE.ENR.PRSC.FM.ZS,Ratio of girls to boys in primary & secondary school (%),0,0,0,0,0,100.099,99.711,99.591,99.718,101.647,102.005,99.855,99.991,98.905,98.085,98.408,97.753,97.427,96.978,97.612,97.297,97.711,0,0
AUT,Austria,SE.ENR.PRSC.FM.ZS,Ratio of girls to boys in primary & secondary school (%),0,0,94.231,94.832,94.859,95.3,95.579,95.503,95.883,96.34,95.873,96.424,96.711,96.749,96.286,96.22,96.206,96.535,96.893,96.95,96.734,96.75,0,0
AZE,Azerbaijan,SE.ENR.PRSC.FM.ZS,Ratio of girls to boys in primary & secondary school (%),0,0,0,100.165,100.047,98.338,95.578,107.303,106.569,103.135,99.633,99.303,96.258,94.409,94.125,94.227,95.326,95.151,95.037,96.973,99.015,101.725,0,0
BDI,Burundi,SE.ENR.PRSC.FM.ZS,Ratio of girls to boys in primary & secondary school (%),0,0,79.041,81.776,79.85,79.974,0,0,0,0,0,0,0,0,0,79.938,82.046,83.954,88.593,90.022,91.321,92.677,0,0
BEL,Belgium,SE.ENR.PRSC.FM.ZS,Ratio of girls to boys in primary & secondary school (%),0,0,101.027,101.17,100.99,103.036,103.099,103.854,103.702,0,0,103.895,105.512,106.145,106.743,105.736,98.16,98.023,97.987,98.018,98.253,98.301,0,0
BEN,Benin,SE.ENR.PRSC.FM.ZS,Ratio of girls to boys in primary & secondary school (%),0,0,0,0,0,0,0,0,0,0,0,62.355,64.21,65.477,66.999,68.163,70.306,73.497,0,0,0,0,0,0
BFA,Burkina Faso,SE.ENR.PRSC.FM.ZS,Ratio of girls to boys in primary & secondary school (%),0,0,0,0,0,0,0,0,0,0,0,68.549,70.145,71.372,72.661,73.922,76.877,78.432,80.1,81.944,84.095,85.612,87.616,0
BGD,Bangladesh,SE.ENR.PRSC.FM.ZS,Ratio of girls to boys in primary & secondary school (%),0,0,74.917,0,0,0,0,0,0,0,0,0,0,0,0,0,0,104.851,105.214,106.128,108.244,0,0,0
BGR,Bulgaria,SE.ENR.PRSC.FM.ZS,Ratio of girls to boys in primary & secondary school (%),0,0,99.242,99.435,99.49,99.225,99.711,99.466,98.812,99.114,98.289,98.053,97.775,97.732,97.78,97.697,96.706,96.562,96.614,96.63,97.411,97.347,0,0
BHR,Bahrain,SE.ENR.PRSC.FM.ZS,Ratio of girls to boys in primary & secondary school (%),0,0,0,101.455,101.639,101.894,102.353,102.058,102.843,103.575,103.997,104.013,104.128,104.676,103.986,103.74,103.343,102.968,102.283,0,101.198,100.545,0,0
BHS,"Bahamas, The",SE.ENR.PRSC.FM.ZS,Ratio of girls to boys in primary & secondary school (%),0,0,0,0,101.89,102.081,0,100.351,0,125.767,0,98.95,95.67,96.392,103.849,102.019,100.412,100.343,100.661,101.706,101.171,0,0,0
BIH,Bosnia and Herzegovina,SE.ENR.PRSC.FM.ZS,Ratio of girls to boys in primary & secondary school (%),0,0,0,0,0,0,0,0,0,0,0,0,0,0,0,0,0,0,0,101.995,101.641,102.118,0,0
BLR,Belarus,SE.ENR.PRSC.FM.ZS,Ratio of girls to boys in primary & secondary school (%),0,0,0,0,0,0,0,0,0,0,101.334,102.33,101.812,102.134,101.87,101.822,100.114,100.238,100.59,101.081,0,0,101.913,0
BLZ,Belize,SE.ENR.PRSC.FM.ZS,Ratio of girls to boys in primary & secondary school (%),0,0,0,98.896,0,0,97.777,98.675,0,0,0,100.469,99.485,100.067,98.949,100.617,99.92,98.194,100.147,101.569,101.05,101.328,0,0
BMU,Bermuda,SE.ENR.PRSC.FM.ZS,Ratio of girls to boys in primary & secondary school (%),0,0,0,0,0,0,0,0,0,0,0,0,0,103.815,105.976,107.798,110.686,108.691,97.872,0,0,0,108.613,0
BOL,Bolivia,SE.ENR.PRSC.FM.ZS,Ratio of girls to boys in primary & secondary school (%),0,0,0,0,0,0,0,0,0,0,96.019,96.401,97.507,97.799,97.947,98.405,0,0,98.293,98.661,98.784,0,0,0
BRA,Brazil,SE.ENR.PRSC.FM.ZS,Ratio of girls to boys in primary & secondary school (%),0,0,0,0,0,0,0,0,0,0,0,102.944,102.864,103.051,103.076,103.266,101.942,102.901,0,0,102.527,0,0,0
BRB,Barbados,SE.ENR.PRSC.FM.ZS,Ratio of girls to boys in primary & secondary school (%),0,0,0,0,0,0,0,0,0,0,0,0,0,0,0,0,0,0,0,0,0,0,0,0
BRN,Brunei Darussalam,SE.ENR.PRSC.FM.ZS,Ratio of girls to boys in primary & secondary school (%),0,0,0,100.139,101.727,102.001,100.905,0,0,0,102.108,101.952,101.721,102.118,102.227,102.958,102.163,101.84,101.542,101.254,101.122,101.175,0,0
BTN,Bhutan,SE.ENR.PRSC.FM.ZS,Ratio of girls to boys in primary & secondary school (%),0,0,0,0,0,0,0,0,0,0,82.834,84.511,86.049,88.138,89.581,0,0,93.885,95.24,0,97.775,100.446,0,0
BWA,Botswana,SE.ENR.PRSC.FM.ZS,Ratio of girls to boys in primary & secondary school (%),0,0,108.019,108.694,107.444,105.725,104.144,103.529,0,0,102.37,102.199,101.623,101.43,101.235,101.222,100.642,100.666,100.495,100.016,0,0,0,0
CAF,Central African Republic,SE.ENR.PRSC.FM.ZS,Ratio of girls to boys in primary & secondary school (%),0,0,59.103,60.552,62.015,0,0,0,0,0,0,0,0,0,0,0,0,0,0,0,68.645,68.651,69.426,0
CAN,Canada,SE.ENR.PRSC.FM.ZS,Ratio of girls to boys in primary & secondary school (%),0,0,100.029,99.439,99.289,99.083,99.09,99.412,99.397,0,99.788,0,101.128,0,100.628,0,0,98.505,98.657,98.681,0,0,0,0
CHE,Switzerland,SE.ENR.PRSC.FM.ZS,Ratio of girls to boys in primary & secondary school (%),0,0,96.704,97.004,97.341,95.629,96.035,96.095,96.313,0,95.517,96.074,96.662,97.217,97.2,97.151,96.617,96.734,96.618,96.948,97.26,97.576,0,0
CHI,Channel Islands,SE.ENR.PRSC.FM.ZS,Ratio of girls to boys in primary & secondary school (%),0,0,0,0,0,0,0,0,0,0,0,0,0,0,0,0,0,0,0,0,0,0,0,0
CHL,Chile,SE.ENR.PRSC.FM.ZS,Ratio of girls to boys in primary & secondary school (%),0,0,101.004,99.646,100.006,100.914,0,0,0,0,99.982,99.96,99.585,0,99.48,99.265,98.197,98.261,98.626,98.634,98.531,0,0,0
CHN,China,SE.ENR.PRSC.FM.ZS,Ratio of girls to boys in primary & secondary school (%),0,0,85.201,86.409,87.863,88.687,90.914,92.487,94.046,95.092,0,0,0,99.147,0,99.648,0,0,102.744,103.284,104.003,104.846,0,0
CIV,Cote d'Ivoire,SE.ENR.PRSC.FM.ZS,Ratio of girls to boys in primary & secondary school (%),0,0,0,0,0,0,0,0,0,0,0,69.078,69.342,70.694,68.628,0,0,0,0,0,0,0,0,0
CMR,Cameroon,SE.ENR.PRSC.FM.ZS,Ratio of girls to boys in primary & secondary school (%),0,0,82.329,82.979,87.268,0,0,84.753,0,85.455,80.648,82.654,0,85.336,0,84.81,84.104,82.635,82.806,0,84.248,85.609,0,0
COG,"Congo, Rep.",SE.ENR.PRSC.FM.ZS,Ratio of girls to boys in primary & secondary school (%),0,0,88.537,0,88.629,0,0,0,87.862,0,0,0,85.671,0,88.832,86.319,91.88,0,0,0,0,0,0,0
COK,Cook Islands,SE.ENR.PRSC.FM.ZS,Ratio of girls to boys in primary & secondary school (%),0,0,0,0,0,0,0,0,0,0,103.242,99.65,106.344,105.382,104.3,104.5,104.456,107.771,0,105.693,0,109.682,106.169,0
COL,Colombia,SE.ENR.PRSC.FM.ZS,Ratio of girls to boys in primary & secondary school (%),0,0,0,107.596,110.494,107.22,0,105.224,101.709,0,102.787,104.287,103.708,103.529,103.64,0,103.8,103.406,104.212,104.589,104.307,104.552,0,0
COM,Comoros,SE.ENR.PRSC.FM.ZS,Ratio of girls to boys in primary & secondary school (%),0,0,0,0,0,0,0,0,0,0,0,83.784,84.116,0,82.212,82.023,84.133,84.191,0,0,0,0,0,0
CPV,Cape Verde,SE.ENR.PRSC.FM.ZS,Ratio of girls to boys in primary & secondary school (%),0,0,93.964,0,0,0,94.242,0,0,0,0,0,0,99.132,99.182,100.004,100.229,99.739,103.233,103.973,100.8,103.397,0,0
CRI,Costa Rica,SE.ENR.PRSC.FM.ZS,Ratio of girls to boys in primary & secondary school (%),0,0,100.171,100.73,100.811,101.411,101.573,101.92,102.472,102.487,102.21,101.951,101.471,102.357,101.487,101.703,101.703,101.644,102.056,101.689,102.029,102.05,0,0
CUB,Cuba,SE.ENR.PRSC.FM.ZS,Ratio of girls to boys in primary & secondary school (%),0,0,104.576,105.957,107.173,105.862,104.793,105.085,100.57,102.799,0,100.657,99.947,100.332,97.835,97.445,98.96,99.186,99.587,98.859,98.788,98.81,0,0
CUW,Curacao,SE.ENR.PRSC.FM.ZS,Ratio of girls to boys in primary & secondary school (%),0,0,0,0,0,0,0,0,0,0,0,0,0,0,0,0,0,0,0,0,0,0,0,0
CYM,Cayman Islands,SE.ENR.PRSC.FM.ZS,Ratio of girls to boys in primary & secondary school (%),0,0,0,0,0,0,0,0,0,0,0,90.554,99.228,96.129,100.3,0,99.686,94.173,95.734,96.896,100.857,0,0,0
CYP,Cyprus,SE.ENR.PRSC.FM.ZS,Ratio of girls to boys in primary & secondary school (%),0,0,99.913,100.405,100.414,100.918,100.581,100.364,107.473,101.171,0,101.296,101.198,100.584,101.154,101.033,101.149,100.908,100.742,100.612,100.065,100.186,0,0
CZE,Czech Republic,SE.ENR.PRSC.FM.ZS,Ratio of girls to boys in primary & secondary school (%),0,0,94.042,97.987,107.814,104.843,100.722,101.803,101.796,101.803,102.478,101.966,100.731,101.413,101.182,101.099,100.462,100.654,100.746,100.646,100.619,100.674,0,0
DEU,Germany,SE.ENR.PRSC.FM.ZS,Ratio of girls to boys in primary & secondary school (%),0,0,0,0,98.959,97.61,97.962,98.045,98.203,98.439,98.33,98.533,98.81,98.813,98.725,98.504,98.496,98.421,97.878,98.33,98.136,96.368,0,0
DJI,Djibouti,SE.ENR.PRSC.FM.ZS,Ratio of girls to boys in primary & secondary school (%),0,0,72.247,0,71.315,77.481,76.409,75.231,74.325,73.426,0,71.372,70.966,71.508,71.514,73.502,75.27,75.625,75.826,79.436,79.972,81.987,0,0
DMA,Dominica,SE.ENR.PRSC.FM.ZS,Ratio of girls to boys in primary & secondary school (%),0,0,0,103.475,0,0,0,0,0,0,0,107.101,101.578,100.682,100.262,100.575,98.822,99.197,98.869,99.282,98.227,101.998,0,0
DNK,Denmark,SE.ENR.PRSC.FM.ZS,Ratio of girls to boys in primary & secondary school (%),0,0,101.235,100.729,100.996,101.531,101.618,101.766,101.244,0,102.331,102.871,102.272,102.509,102.424,102.545,102.084,101.503,101.459,101.624,102.026,101.735,0,0
DOM,Dominican Republic,SE.ENR.PRSC.FM.ZS,Ratio of girls to boys in primary & secondary school (%),0,0,0,0,0,0,0,0,0,0,104.68,105.027,104.249,107.079,107.196,107.358,103.871,103.647,104.045,103.562,102.927,96.516,0,0
DZA,Algeria,SE.ENR.PRSC.FM.ZS,Ratio of girls to boys in primary & secondary school (%),0,0,81.593,82.906,84.314,85.565,87.2,88.55,89.721,92.08,0,0,0,0,97.608,98.449,99.039,99.308,0,0,0,98.411,0,0
EAP,East Asia & Pacific,SE.ENR.PRSC.FM.ZS,Ratio of girls to boys in primary & secondary school (%),0,0,0,89.3023667797828,0,0,0,0,0,0,0,96.966,97.744,98.457,98.756,99.005,99.885,100.506,101.377,101.788,102.216,102.791,0,0
ECA,Europe & Central Asia,SE.ENR.PRSC.FM.ZS,Ratio of girls to boys in primary & secondary school (%),0,0,0,97.9384434446132,0,0,0,0,0,0,0,95.899,96.042,95.46,95.41,95.462,95.772,96,96.443,96.658,97.064,97.146,0,0
ECU,Ecuador,SE.ENR.PRSC.FM.ZS,Ratio of girls to boys in primary & secondary school (%),0,0,0,0,0,99.581,0,0,0,0,100.932,100.659,100.09,100.556,100.066,100.398,99.858,100.094,100.208,100.314,101.607,0,0,0
EGY,"Egypt, Arab Rep.",SE.ENR.PRSC.FM.ZS,Ratio of girls to boys in primary & secondary school (%),0,0,80.487,81.149,84.367,85.103,83.96,0,0,0,0,91.527,92.536,93.444,0,94.403,95.114,0,0,0,0,96.074,0,0
EMU,Euro area,SE.ENR.PRSC.FM.ZS,Ratio of girls to boys in primary & secondary school (%),0,0,0,0,0,0,0,0,0,0,0,99.959,100.111,100.047,99.865,100.075,99.694,99.528,99.331,99.447,99.385,98.978,0,0
ERI,Eritrea,SE.ENR.PRSC.FM.ZS,Ratio of girls to boys in primary & secondary school (%),0,0,0,0,0,82.399,78.681,78.22,79.012,78.913,0,77.821,77.38,77.853,74.317,74.727,70.666,71.699,71.998,77.745,77.213,77.317,0,0
ESP,Spain,SE.ENR.PRSC.FM.ZS,Ratio of girls to boys in primary & secondary school (%),0,0,102.83,103.733,104.398,104.685,104.833,104.949,105.322,102.877,103.22,103.028,102.834,102.487,102.898,102.399,102.815,102.656,102.607,102.835,102.586,101.927,0,0
EST,Estonia,SE.ENR.PRSC.FM.ZS,Ratio of girls to boys in primary & secondary school (%),0,0,0,0,103.027,102.636,105.459,104.676,103.599,0,100.823,100.521,100.503,99.629,99.812,100.657,100.346,99.997,100.696,101.027,101.15,0,0,0
ETH,Ethiopia,SE.ENR.PRSC.FM.ZS,Ratio of girls to boys in primary & secondary school (%),0,0,0,68.417,74.864,73.589,66.802,62.951,59.87,0,0,61.637,65.058,68.086,69.13,69.335,72.78,77.433,80.489,82.574,85.096,87.926,0,0
FIN,Finland,SE.ENR.PRSC.FM.ZS,Ratio of girls to boys in primary & secondary school (%),0,0,108.713,109.37,110.609,109.189,108.639,107.803,109.206,107.352,105.128,104.702,104.792,105.424,105.676,105.311,102.063,102.028,102.058,102.207,102.221,102.341,0,0
FJI,Fiji,SE.ENR.PRSC.FM.ZS,Ratio of girls to boys in primary & secondary school (%),0,0,0,98.319,99.732,0,0,0,0,0,102.673,104.473,103.295,103.087,104.16,103.279,102.309,102.33,103.606,104.074,102.764,0,0,0
FRA,France,SE.ENR.PRSC.FM.ZS,Ratio of girls to boys in primary & secondary school (%),0,0,102.892,102.3,102.02,101.605,98.866,98.513,98.708,99.064,99.264,99.479,99.665,99.844,99.917,100.11,99.883,99.579,99.414,99.513,99.562,99.781,0,0
FRO,Faeroe Islands,SE.ENR.PRSC.FM.ZS,Ratio of girls to boys in primary & secondary school (%),0,0,0,0,0,0,0,0,0,0,0,0,0,0,0,0,0,0,0,0,0,0,0,0
FSM,"Micronesia, Fed. Sts.",SE.ENR.PRSC.FM.ZS,Ratio of girls to boys in primary & secondary school (%),0,0,0,0,0,0,0,0,0,0,0,0,0,0,0,0,101.743,102.006,0,0,0,0,0,0
GAB,Gabon,SE.ENR.PRSC.FM.ZS,Ratio of girls to boys in primary & secondary school (%),0,0,0,0,0,0,96.628,94.924,96.461,0,0,95.938,95.868,0,0,0,0,0,0,0,0,0,0,0
GBR,United Kingdom,SE.ENR.PRSC.FM.ZS,Ratio of girls to boys in primary & secondary school (%),0,0,101.933,102.179,101.989,99.399,99.432,99.52,99.632,99.946,100.138,100.268,100.409,100.31,100.647,101.766,101.424,101.465,101.804,101.6,101.28,0,0,0
GEO,Georgia,SE.ENR.PRSC.FM.ZS,Ratio of girls to boys in primary & secondary school (%),0,0,0,98.242,97.108,96.484,94.113,94.318,98.267,97.147,0,98.221,98.308,99.98,99.422,98.046,97.27,96.817,100.177,0,96.46,0,0,0
GHA,Ghana,SE.ENR.PRSC.FM.ZS,Ratio of girls to boys in primary & secondary school (%),0,0,77.956,0,0,0,0,0,0,0,0,88.55,89.657,91.148,91.424,93.93,90.847,92.211,94.188,95.241,95.648,95.444,0,0
GIB,Gibraltar,SE.ENR.PRSC.FM.ZS,Ratio of girls to boys in primary & secondary school (%),0,0,0,0,0,0,0,0,0,0,0,0,0,0,0,0,0,0,0,0,0,0,0,0
GIN,Guinea,SE.ENR.PRSC.FM.ZS,Ratio of girls to boys in primary & secondary school (%),0,0,44.026,45.004,0,45.405,47.092,0,50.719,0,0,58.119,61.503,64.353,66.996,69.43,70.447,72.725,74.553,76.28,77.066,77.154,0,0
GMB,"Gambia, The",SE.ENR.PRSC.FM.ZS,Ratio of girls to boys in primary & secondary school (%),0,0,0,0,64.8,66.402,68.338,69.488,73.997,0,0,0,0,0,0,0,0,0,0,0,101.241,101.083,99.693,0
GNB,Guinea-Bissau,SE.ENR.PRSC.FM.ZS,Ratio of girls to boys in primary & secondary school (%),0,0,0,0,0,0,0,0,0,0,0,0,65.488,0,0,0,0,0,0,0,0,0,0,0
GNQ,Equatorial Guinea,SE.ENR.PRSC.FM.ZS,Ratio of girls to boys in primary & secondary school (%),0,0,0,0,0,81.551,86.434,0,0,0,0,67.749,81.071,0,82.524,0,0,0,0,0,0,0,0,0
GRC,Greece,SE.ENR.PRSC.FM.ZS,Ratio of girls to boys in primary & secondary school (%),0,0,98.447,98.71,99.077,100.657,97.991,101.711,101.846,102.543,102.698,102.602,103.486,102.796,101.277,100.859,99.742,98.661,98.589,97.291,0,0,0,0
GRD,Grenada,SE.ENR.PRSC.FM.ZS,Ratio of girls to boys in primary & secondary school (%),0,0,101.62,0,92.132,103.979,0,0,0,0,0,0,0,0,103.788,99.289,101.89,99.527,0,98.155,93.194,96.95,0,0
GRL,Greenland,SE.ENR.PRSC.FM.ZS,Ratio of girls to boys in primary & secondary school (%),0,0,0,0,0,0,0,0,0,0,0,0,0,0,0,0,0,0,0,0,0,0,0,0
GTM,Guatemala,SE.ENR.PRSC.FM.ZS,Ratio of girls to boys in primary & secondary school (%),0,0,0,0,0,87.151,0,0,86.288,0,87.143,86.088,88.907,89.589,90.146,90.626,91.094,91.633,92.328,93.067,93.778,0,0,0
GUM,Guam,SE.ENR.PRSC.FM.ZS,Ratio of girls to boys in primary & secondary school (%),0,0,0,0,0,0,0,0,0,0,0,0,0,0,0,0,0,0,0,0,0,0,0,0
GUY,Guyana,SE.ENR.PRSC.FM.ZS,Ratio of girls to boys in primary & secondary school (%),0,0,0,0,0,0,0,0,0,0,0,99.699,99.005,100.099,99.587,0,99.096,98.415,98.696,96.308,99.615,99.663,0,0
HIC,High income,SE.ENR.PRSC.FM.ZS,Ratio of girls to boys in primary & secondary school (%),0,0,0,99.9179771052891,0,0,0,0,0,0,0,100.387,99.623,99.817,99.595,99.745,99.423,99.599,99.415,99.457,99.318,99.579,0,0
HKG,"Hong Kong SAR, China",SE.ENR.PRSC.FM.ZS,Ratio of girls to boys in primary & secondary school (%),0,0,0,0,0,0,0,0,100.111,0,0,0,0,96.077,96.441,97.649,98.604,99.567,100.144,100.856,101.488,102.335,0,0
HND,Honduras,SE.ENR.PRSC.FM.ZS,Ratio of girls to boys in primary & secondary school (%),0,0,0,104.49,0,0,0,0,0,0,0,0,0,0,0,0,0,0,0,106.425,107.286,0,0,0
HRV,Croatia,SE.ENR.PRSC.FM.ZS,Ratio of girls to boys in primary & secondary school (%),0,0,0,0,0,102.583,101.746,101.521,101.211,100.722,100.524,100.695,100.956,100.895,100.944,100.809,0,101.904,101.847,102.005,102.206,102.363,0,0
HTI,Haiti,SE.ENR.PRSC.FM.ZS,Ratio of girls to boys in primary & secondary school (%),0,0,0,0,0,0,0,0,0,94.6395474282642,0,0,0,0,0,0,0,0,0,0,0,0,0,0
HUN,Hungary,SE.ENR.PRSC.FM.ZS,Ratio of girls to boys in primary & secondary school (%),0,0,100.447,100.334,100.322,0,101.97,102.081,101.854,101.551,100.952,100.368,99.909,99.887,99.934,99.654,98.923,98.722,98.785,98.958,98.39,98.712,0,0
IDN,Indonesia,SE.ENR.PRSC.FM.ZS,Ratio of girls to boys in primary & secondary school (%),0,0,92.685,93.342,94.05,92.368,93.142,93.002,93.055,0,0,0,95.968,97.712,98.039,98.246,98.569,97.302,97.87,97.581,98.036,97.658,0,0
IMY,Isle of Man,SE.ENR.PRSC.FM.ZS,Ratio of girls to boys in primary & secondary school (%),0,0,0,0,0,0,0,0,0,0,0,0,0,0,0,0,0,0,0,0,0,0,0,0
IND,India,SE.ENR.PRSC.FM.ZS,Ratio of girls to boys in primary & secondary school (%),0,0,0,0,0,73.444,74.619,74.635,75.352,76.567,0,78.479,78.911,79.569,81.485,89.768,89.968,90.164,90.188,92.183,0,0,0,0
IRL,Ireland,SE.ENR.PRSC.FM.ZS,Ratio of girls to boys in primary & secondary school (%),0,0,104.613,104.333,103.982,101.827,102.221,102.844,103.638,104.131,102.317,102.259,102.87,103.072,103.419,103.131,102.788,103.35,102.702,102.672,102.842,102.664,0,0
IRN,"Iran, Islamic Rep.",SE.ENR.PRSC.FM.ZS,Ratio of girls to boys in primary & secondary school (%),0,0,82.811,84.877,85.682,86.649,87.224,88.029,0,90.432,0,92.334,93.403,93.962,94.861,95.153,96.777,97.469,98.119,100.497,0,96.537,0,0
IRQ,Iraq,SE.ENR.PRSC.FM.ZS,Ratio of girls to boys in primary & secondary school (%),0,0,0,0,0,78.519,0,0,78.699,0,0,77.758,77.034,77.288,78.281,81.024,78.89,0,0,81.26,0,0,0,0
ISL,Iceland,SE.ENR.PRSC.FM.ZS,Ratio of girls to boys in primary & secondary school (%),0,0,0,0,0,99.128,99.146,98.566,98.92,0,100.654,101.673,102.383,102.178,102.176,102.371,100.316,99.753,100.754,102.992,101.882,101.609,0,0
ISR,Israel,SE.ENR.PRSC.FM.ZS,Ratio of girls to boys in primary & secondary school (%),0,0,104.748,104.529,102.884,103.059,102.345,0,0,0,99.847,99.332,99.616,99.533,99.292,99.011,100.193,100.289,100.536,100.882,101.369,101.515,0,0
ITA,Italy,SE.ENR.PRSC.FM.ZS,Ratio of girls to boys in primary & secondary school (%),0,0,100.112,99.505,99.599,100.639,100.983,98.94,99.267,99.528,99.065,99.257,0,98.308,97.156,99.203,99.424,99.186,99.133,99.07,99.086,0,0,0
JAM,Jamaica,SE.ENR.PRSC.FM.ZS,Ratio of girls to boys in primary & secondary school (%),0,0,0,102.602,0,100.224,0,0,0,0,0,100.564,100.979,100.459,100.144,99.665,99.408,99.269,0,100.294,100.082,0,0,0
JOR,Jordan,SE.ENR.PRSC.FM.ZS,Ratio of girls to boys in primary & secondary school (%),0,0,101.899,101.415,103.398,103.315,102.803,0,101.638,0,0,101.372,101.627,0,101.348,101.558,101.293,101.522,102.701,102.751,102.169,0,0,0
JPN,Japan,SE.ENR.PRSC.FM.ZS,Ratio of girls to boys in primary & secondary school (%),0,0,101.354,100.888,100.916,101.187,100.819,100.761,0,0,100.739,100.681,100.592,100.515,100.403,100.267,100.123,100.069,100.075,100.083,100.055,100.122,0,0
KAZ,Kazakhstan,SE.ENR.PRSC.FM.ZS,Ratio of girls to boys in primary & secondary school (%),0,0,0,0,0,0,0,0,0,106.763,103.614,100.158,101.568,98.868,99.129,100.691,99.041,98.864,98.743,99.154,98.914,98.472,98.622,0
KEN,Kenya,SE.ENR.PRSC.FM.ZS,Ratio of girls to boys in primary & secondary school (%),0,0,0,0,0,0,0,0,0,0,0,96.704,97.579,0,95.133,97.163,94.239,95.937,96.062,95.176,95.881,95.396,0,0
KGZ,Kyrgyz Republic,SE.ENR.PRSC.FM.ZS,Ratio of girls to boys in primary & secondary school (%),0,0,100.352,0,102.044,0,0,0,0,0,0,100.773,101.057,99.207,99.642,100.46,100.66,100.225,100.539,100.575,100.48,100.682,0,0
KHM,Cambodia,SE.ENR.PRSC.FM.ZS,Ratio of girls to boys in primary & secondary school (%),0,0,0,0,0,0,0,0,0,0,79.248,81.214,81.742,83.271,84.496,85.526,87.012,0,89.226,89.652,0,0,0,0
KIR,Kiribati,SE.ENR.PRSC.FM.ZS,Ratio of girls to boys in primary & secondary school (%),0,0,99.223,0,0,0,0,105.747,0,0,0,107.653,122.151,115.171,106.588,106.488,109.488,106.597,107.299,109.155,107.043,0,0,0
KNA,St. Kitts and Nevis,SE.ENR.PRSC.FM.ZS,Ratio of girls to boys in primary & secondary school (%),0,0,0,0,98.679,98.669,0,0,0,0,0,0,100.359,99.413,102.254,104.132,105.928,102.847,0,100.345,103.267,104.114,0,0
KOR,"Korea, Rep.",SE.ENR.PRSC.FM.ZS,Ratio of girls to boys in primary & secondary school (%),0,0,98.279,98.873,99.402,100.048,99.941,101.185,101.183,100.778,99.947,99.307,98.763,98.235,97.744,97.454,97.262,97.185,97.027,96.991,97.175,97.227,0,0
KSV,Kosovo,SE.ENR.PRSC.FM.ZS,Ratio of girls to boys in primary & secondary school (%),0,0,0,0,0,0,0,0,0,0,0,0,0,0,0,0,0,0,0,0,0,0,0,0
KWT,Kuwait,SE.ENR.PRSC.FM.ZS,Ratio of girls to boys in primary & secondary school (%),0,0,96.73,0,99.733,100.119,100.489,102.342,100.409,101.078,101.887,101.445,102.868,103.993,102.949,103.256,103.742,101.888,102.133,99.896,101.128,100.765,0,0
LAC,Latin America & Caribbean,SE.ENR.PRSC.FM.ZS,Ratio of girls to boys in primary & secondary school (%),0,0,0,99.1613950228841,0,0,0,0,0,0,0,101.129,101.149,101.398,101.442,101.826,101.325,101.611,101.697,101.706,101.84,101.828,0,0
LAO,Lao PDR,SE.ENR.PRSC.FM.ZS,Ratio of girls to boys in primary & secondary school (%),0,0,77.084,0,77.133,76.291,76.345,77.827,78.195,78.815,79.869,81.15,81.309,81.909,82.342,82.968,83.805,84.124,85.046,85.989,87.222,0,0,0
LBN,Lebanon,SE.ENR.PRSC.FM.ZS,Ratio of girls to boys in primary & secondary school (%),0,0,0,0,101.168,0,101.3,103.216,102.547,101.819,102.005,102.026,0,0,0,0,0,0,102.924,103.659,103.321,103.634,0,0
LBR,Liberia,SE.ENR.PRSC.FM.ZS,Ratio of girls to boys in primary & secondary school (%),0,0,0,0,0,0,0,0,0,0,0,71.108,71.911,0,0,0,0,0,0,0,0,0,0,0
LBY,Libya,SE.ENR.PRSC.FM.ZS,Ratio of girls to boys in primary & secondary school (%),0,0,0,0,0,0,0,0,0,0,0,0,0,0,102.94,101.302,0,107.846,105.404,0,0,0,0,0
LCA,St. Lucia,SE.ENR.PRSC.FM.ZS,Ratio of girls to boys in primary & secondary school (%),0,0,103.44,103.002,104.03,106.275,0,0,0,101.099,0,103.668,106.528,104.25,105.97,99.952,99.492,102.89,100.556,101.33,100.134,99.429,0,0
LIC,Low income,SE.ENR.PRSC.FM.ZS,Ratio of girls to boys in primary & secondary school (%),0,0,0,79.5717034178947,0,0,0,0,0,0,0,84.576,85.937,86.629,86.985,87.661,86.482,88.591,89.309,89.854,90.474,91.193,0,0
LIE,Liechtenstein,SE.ENR.PRSC.FM.ZS,Ratio of girls to boys in primary & secondary school (%),0,0,0,0,0,0,0,0,0,0,0,0,0,0,0,103.477,103.817,0,105.825,103.695,102.832,93.019,0,0
LKA,Sri Lanka,SE.ENR.PRSC.FM.ZS,Ratio of girls to boys in primary & secondary school (%),0,0,101.867,102.367,102.324,102.517,103.195,102.352,0,0,0,0,0,0,103.215,103.53,0,0,0,0,0,0,0,0
LMC,Lower middle income,SE.ENR.PRSC.FM.ZS,Ratio of girls to boys in primary & secondary school (%),0,0,0,81.0950842115597,0,0,0,0,0,0,0,83.711,84.12,84.863,85.816,90.137,90.182,90.392,90.812,92.083,92.349,92.666,0,0
LMY,Low & middle income,SE.ENR.PRSC.FM.ZS,Ratio of girls to boys in primary & secondary school (%),0,0,0,84.264825654576,0,0,0,0,0,0,0,90.254,90.711,91.279,91.755,93.736,93.709,94.258,94.694,95.407,95.651,95.959,0,0
LSO,Lesotho,SE.ENR.PRSC.FM.ZS,Ratio of girls to boys in primary & secondary school (%),0,0,123.795,123.502,121.174,118.984,117.155,0,114.771,113.262,113.731,111.624,107.19,105.39,105.244,104.853,103.861,103.932,103.904,104.684,105.054,107.137,0,0
LTU,Lithuania,SE.ENR.PRSC.FM.ZS,Ratio of girls to boys in primary & secondary school (%),0,0,0,0,0,96.247,0,101.709,101.15,100.549,99.768,99.602,99.276,99.011,98.628,98.499,99.437,99.58,99.721,99.685,99.547,99.433,0,0
LUX,Luxembourg,SE.ENR.PRSC.FM.ZS,Ratio of girls to boys in primary & secondary school (%),0,0,0,0,0,0,0,0,0,0,0,102.737,103.511,103.208,103.026,102.955,102.928,103.429,102.86,102.351,102.355,0,0,0
LVA,Latvia,SE.ENR.PRSC.FM.ZS,Ratio of girls to boys in primary & secondary school (%),0,0,0,100.981,102.847,102.218,104.752,103.716,103.621,103.282,101.655,101.432,101.196,100.698,99.978,99.085,98.915,99.291,99.652,100.056,100.03,99.773,0,0
MAC,"Macao SAR, China",SE.ENR.PRSC.FM.ZS,Ratio of girls to boys in primary & secondary school (%),0,0,98.715,100.284,102.023,102.82,0,0,0,0,0,100.205,99.181,98.885,98.512,98.369,96.899,96.377,96.567,95.465,95.178,95.192,0,0
MAF,St. Martin (French part),SE.ENR.PRSC.FM.ZS,Ratio of girls to boys in primary & secondary school (%),0,0,0,0,0,0,0,0,0,0,0,0,0,0,0,0,0,0,0,0,0,0,0,0
MAR,Morocco,SE.ENR.PRSC.FM.ZS,Ratio of girls to boys in primary & secondary school (%),0,0,68.838,69.634,70.066,71.093,72.328,73.667,74.657,75.826,77.586,80.247,82.444,84.508,85.954,87.093,87.401,87.351,0,88.071,0,0,0,0
MCO,Monaco,SE.ENR.PRSC.FM.ZS,Ratio of girls to boys in primary & secondary school (%),0,0,0,0,0,0,0,0,0,0,0,0,0,104.05,0,0,0,0,0,0,0,98.136,0,0
MDA,Moldova,SE.ENR.PRSC.FM.ZS,Ratio of girls to boys in primary & secondary school (%),0,0,105.125,105.314,105.364,105.994,105.738,102.142,0,0,0,98.731,100.997,101.457,101.644,102.112,102.932,102.45,102.707,101.683,101.387,101.138,0,0
MDG,Madagascar,SE.ENR.PRSC.FM.ZS,Ratio of girls to boys in primary & secondary school (%),0,0,95.578,0,0,0,0,0,0,0,96.043,0,0,0,0,0,0,95.782,96.003,96.496,96.519,96.896,0,0
MDV,Maldives,SE.ENR.PRSC.FM.ZS,Ratio of girls to boys in primary & secondary school (%),0,0,0,0,0,0,99.906,100.237,100.222,101.099,101.413,101.073,100.731,100.099,100.997,99.548,99.724,0,98.18,0,0,0,0,0
MEX,Mexico,SE.ENR.PRSC.FM.ZS,Ratio of girls to boys in primary & secondary school (%),0,0,96.518,97.324,96.342,96.994,97.038,97.436,97.215,97.417,98.147,99.03,99.797,100.438,101.089,101.956,101.382,101.1,101.165,101.275,101.509,101.698,0,0
MHL,Marshall Islands,SE.ENR.PRSC.FM.ZS,Ratio of girls to boys in primary & secondary school (%),0,0,0,0,0,0,0,0,0,0,0,101.639,0,0,98.176,105.136,99.497,115.468,100.289,99.055,103.166,101.084,0,0
MIC,Middle income,SE.ENR.PRSC.FM.ZS,Ratio of girls to boys in primary & secondary school (%),0,0,0,85.144240154263,0,0,0,0,0,0,0,91.163,91.523,92.097,92.618,94.829,95.014,95.344,95.773,96.541,96.749,97,0,0
MKD,"Macedonia, FYR",SE.ENR.PRSC.FM.ZS,Ratio of girls to boys in primary & secondary school (%),0,0,0,0,0,98.958,98.948,98.689,97.833,97.84,97.324,97.673,97.737,98.217,98.957,98.836,98.718,98.703,0,98.414,98.311,98.836,0,0
MLI,Mali,SE.ENR.PRSC.FM.ZS,Ratio of girls to boys in primary & secondary school (%),0,0,57.617,57.733,56.579,59.082,60.343,63.829,62.973,62.448,65.683,66.931,69.491,0,0,70.512,72.721,73.898,75.215,77.182,77.617,78.439,80.083,0
MLT,Malta,SE.ENR.PRSC.FM.ZS,Ratio of girls to boys in primary & secondary school (%),0,0,95.445,95.247,94.897,95.222,94.146,95.274,100.353,0,0,92.398,100.364,98.368,98.925,98.95,95.68,97.077,0,101.097,98.945,0,0,0
MMR,Myanmar,SE.ENR.PRSC.FM.ZS,Ratio of girls to boys in primary & secondary school (%),0,0,93.296,95.152,95.516,95.4,95.948,0,0,0,0,97.916,100.465,97.151,97.446,97.664,97.424,99.37,98.875,0,0,99.651,0,0
MNA,Middle East & North Africa,SE.ENR.PRSC.FM.ZS,Ratio of girls to boys in primary & secondary school (%),0,0,0,79.507273014930007,0,0,0,0,0,0,0,88.344,89.46,89.907,90.634,91.357,91.842,92.171,92.481,93.369,93.15,92.774,0,0
MNE,Montenegro,SE.ENR.PRSC.FM.ZS,Ratio of girls to boys in primary & secondary school (%),0,0,0,0,0,0,0,0,0,0,0,0,0,0,0,0,0,0,0,100.515,0,99.973,100.159,0
MNG,Mongolia,SE.ENR.PRSC.FM.ZS,Ratio of girls to boys in primary & secondary school (%),0,0,0,109.396,0,118.394,122.346,122.361,119.964,118.01,116.088,112.424,111.186,110.795,109.918,107.673,106.165,106.093,105.596,0,0,103.343,0,0
MNP,Northern Mariana Islands,SE.ENR.PRSC.FM.ZS,Ratio of girls to boys in primary & secondary school (%),0,0,0,0,0,0,0,0,0,0,0,0,0,0,0,0,0,0,0,0,0,0,0,0
MOZ,Mozambique,SE.ENR.PRSC.FM.ZS,Ratio of girls to boys in primary & secondary school (%),0,0,72.728,71.492,72.219,71.13,69.608,69.355,0,0,73.148,73.509,74.907,76.547,78.308,0,82.034,83.019,84.718,85.478,86.57,88.287,88.951,0
MRT,Mauritania,SE.ENR.PRSC.FM.ZS,Ratio of girls to boys in primary & secondary school (%),0,0,68.903,71.465,74.865,78.47,80.936,81.825,82.955,0,93.236,95.559,95.307,94.924,97.021,99.137,100.689,102.939,101.64,102.653,0,0,0,0
MUS,Mauritius,SE.ENR.PRSC.FM.ZS,Ratio of girls to boys in primary & secondary school (%),0,0,100.407,101.744,0,0,0,0,101.795,0,100.935,99.704,98.578,99.177,100.552,100.137,99.505,99.686,100.333,100.438,100.465,101.335,0,0
MWI,Malawi,SE.ENR.PRSC.FM.ZS,Ratio of girls to boys in primary & secondary school (%),0,0,80.928,82.319,0,89.054,92.227,88.47,88.42,0,0,90.553,92.633,93.292,93.427,96.069,98.794,98.811,100.008,99.799,99.373,99.997,0,0
MYS,Malaysia,SE.ENR.PRSC.FM.ZS,Ratio of girls to boys in primary & secondary school (%),0,0,101.522,100.917,101.718,102.109,102.834,0,0,0,103.161,101.576,103.2,103.058,103.517,104.973,104.87,103.69,103.06,102.631,102.71,0,0,0
MYT,Mayotte,SE.ENR.PRSC.FM.ZS,Ratio of girls to boys in primary & secondary school (%),0,0,0,0,0,0,0,0,0,0,0,0,0,0,0,0,0,0,0,0,0,0,0,0
NAM,Namibia,SE.ENR.PRSC.FM.ZS,Ratio of girls to boys in primary & secondary school (%),0,0,110.826,106.372,105.56,104.705,103.93,103.151,103.145,103.324,103.474,103.141,103.168,103.507,103.414,103.17,103.539,103.371,103.774,103.804,0,0,0,0
NCL,New Caledonia,SE.ENR.PRSC.FM.ZS,Ratio of girls to boys in primary & secondary school (%),0,0,0,0,0,0,0,0,0,0,0,0,0,0,0,0,0,0,0,0,0,0,0,0
NER,Niger,SE.ENR.PRSC.FM.ZS,Ratio of girls to boys in primary & secondary school (%),0,0,52.989,52.697,54.279,56.374,0,59.658,60.401,62.22,63.592,64.778,65.034,65.393,65.787,67.129,67.743,69.343,70.01,70.946,73.941,75.286,77.868,0
NGA,Nigeria,SE.ENR.PRSC.FM.ZS,Ratio of girls to boys in primary & secondary school (%),0,0,76.523,0,0,0,0,0,0,0,0,80.99,80.226,81.483,79.986,80.92,81.775,83.017,84.204,85.107,0,0,0,0
NIC,Nicaragua,SE.ENR.PRSC.FM.ZS,Ratio of girls to boys in primary & secondary school (%),0,0,0,0,0,0,0,0,0,0,106.327,105.207,105.251,105.192,103.788,102.704,102.265,101.951,102.151,102.483,102.494,0,0,0
NIU,Niue,SE.ENR.PRSC.FM.ZS,Ratio of girls to boys in primary & secondary school (%),0,0,0,0,0,0,0,0,0,0,84.345,104.9,107.641,101.966,0,0,138.169,129.443,0,0,0,0,0,0
NLD,Netherlands,SE.ENR.PRSC.FM.ZS,Ratio of girls to boys in primary & secondary school (%),0,0,97.006,97.015,97.06,98.688,95.458,96.306,96.052,96.888,97.18,96.646,96.872,97.383,97.542,98.045,97.814,97.677,97.79,97.933,98.195,98.556,0,0
NOR,Norway,SE.ENR.PRSC.FM.ZS,Ratio of girls to boys in primary & secondary school (%),0,0,102.239,101.658,100.777,98.838,98.568,97.262,97.237,98.166,100.42,101.099,101.311,101.096,101.137,101.073,101.583,100.675,100.061,99.422,99.007,98.873,0,0
NPL,Nepal,SE.ENR.PRSC.FM.ZS,Ratio of girls to boys in primary & secondary school (%),0,0,56.562,59.443,62.508,63.924,66.388,68.256,70.893,0,0,75.15,77.117,80.31,82.476,0,0,0,0,0,0,0,0,0
NRU,Nauru,SE.ENR.PRSC.FM.ZS,Ratio of girls to boys in primary & secondary school (%),0,0,0,0,0,0,0,0,0,0,104.3729701414,0,124.812,102.547,113.339,101.458,105.346,106.54,105.508,108.587,111.964,0,0,0
NZL,New Zealand,SE.ENR.PRSC.FM.ZS,Ratio of girls to boys in primary & secondary school (%),0,0,99.379,99.83,99.227,99.856,101.193,98.976,102.767,102.473,103.103,102.768,103.265,0,106.404,106.24,103.853,103.884,103.115,102.085,103.379,102.488,0,0
OMN,Oman,SE.ENR.PRSC.FM.ZS,Ratio of girls to boys in primary & secondary school (%),0,0,85.962,88.715,90.55,92.305,93.741,94.95,95.585,96.223,96.708,97.734,97.945,98.351,98.311,97.814,0,0,0,0,0,97.05,0,0
PAK,Pakistan,SE.ENR.PRSC.FM.ZS,Ratio of girls to boys in primary & secondary school (%),0,0,48.2912131056217,0,0,0,0,0,55.6896783672347,0,0,0,0,0,0,74.331,74.337,76.482,77.853,79.791,80.208,81.898,0,0
PAN,Panama,SE.ENR.PRSC.FM.ZS,Ratio of girls to boys in primary & secondary school (%),0,0,99.333,0,0,0,0,0,0,0,0,100.41,100.19,100.588,100.442,100.444,100.876,100.739,101.301,100.997,101.087,101.245,0,0
PER,Peru,SE.ENR.PRSC.FM.ZS,Ratio of girls to boys in primary & secondary school (%),0,0,0,96.191,0,0,0,96.165,0,0,97.179,97.297,97.012,97.149,97.058,97.34,98.732,98.714,99.006,99.085,99.38,0,0,0
PHL,Philippines,SE.ENR.PRSC.FM.ZS,Ratio of girls to boys in primary & secondary school (%),0,0,99.369,0,0,0,0,0,0,0,101.946,102.401,0,102.612,102.273,102.189,102.332,102.786,102.475,102.083,101.685,0,0,0
PLW,Palau,SE.ENR.PRSC.FM.ZS,Ratio of girls to boys in primary & secondary school (%),0,0,0,0,0,0,0,0,0,0,0,99.99,100.441,0,0,97.087,99.724,0,0,99.659,0,0,0,0
PNG,Papua New Guinea,SE.ENR.PRSC.FM.ZS,Ratio of girls to boys in primary & secondary school (%),0,0,78.241,79.609,80.253,82.248,82.567,84.009,0,0,83.531,0,0,0,0,0,0,0,0,0,0,0,0,0
POL,Poland,SE.ENR.PRSC.FM.ZS,Ratio of girls to boys in primary & secondary school (%),0,0,100.643,100.541,100.156,99.057,99.035,0,0,98.657,98.669,98.521,98.272,98.115,97.885,97.461,100.419,99.444,99.087,99.255,99.493,99.588,0,0
PRI,Puerto Rico,SE.ENR.PRSC.FM.ZS,Ratio of girls to boys in primary & secondary school (%),0,0,0,0,0,0,0,0,0,0,0,0,0,0,0,0,0,0,0,0,0,102.280979681338,0,0
PRK,"Korea, Dem. Rep.",SE.ENR.PRSC.FM.ZS,Ratio of girls to boys in primary & secondary school (%),0,0,0,0,0,0,0,0,0,0,0,0,0,0,0,0,0,0,0,0,0,0,0,0
PRT,Portugal,SE.ENR.PRSC.FM.ZS,Ratio of girls to boys in primary & secondary school (%),0,0,97.198,102.761,0,104.02,101.629,101.51,102.106,0,101.736,101.89,101.081,101.889,0,101.547,101.72,101.759,101.396,100.546,99.858,100.502,0,0
PRY,Paraguay,SE.ENR.PRSC.FM.ZS,Ratio of girls to boys in primary & secondary school (%),0,0,97.554,98.132,0,98.4,98.305,99.187,99.041,99.252,98.952,98.491,98.452,98.281,98.122,98.27,98.67,99.059,99.321,99.289,99.523,99.664,0,0
PYF,French Polynesia,SE.ENR.PRSC.FM.ZS,Ratio of girls to boys in primary & secondary school (%),0,0,110.986,105.128,106.088,109.39,0,0,0,0,0,0,0,0,0,0,0,0,0,0,0,0,0,0
QAT,Qatar,SE.ENR.PRSC.FM.ZS,Ratio of girls to boys in primary & secondary school (%),0,0,98.195,98.06,97.237,97.907,96.607,97.132,98.937,0,94.764,100.497,100.104,104.281,103.844,106.688,108.889,113.481,116.069,118.899,119.781,119.971,0,0
ROM,Romania,SE.ENR.PRSC.FM.ZS,Ratio of girls to boys in primary & secondary school (%),0,0,97.675,99.347,99.929,99.275,100.964,101.046,100.451,99.346,100.049,100.265,100.333,100.199,100.355,100.407,100.265,100.27,99.927,99.251,98.886,99.181,0,0
RUS,Russian Federation,SE.ENR.PRSC.FM.ZS,Ratio of girls to boys in primary & secondary school (%),0,0,101.491580115533,0,104.824963862253,105.415824819609,105.607382835424,0,0,0,0,0,0,0,0,99.608,0,98.892,98.634,98.338,98.038,0,0,0
RWA,Rwanda,SE.ENR.PRSC.FM.ZS,Ratio of girls to boys in primary & secondary school (%),0,0,94.758,95.241,94.401,0,0,0,0,0,0,97.714,95.957,97.929,98.898,98.702,99.974,100.191,101.79,100.121,100.146,100.306,0,0
SAS,South Asia,SE.ENR.PRSC.FM.ZS,Ratio of girls to boys in primary & secondary school (%),0,0,0,69.2854052155455,0,0,0,0,0,0,0,78.725,79.455,80.418,82.213,89.032,88.375,89.393,89.651,91.41,92.237,0,0,0
SAU,Saudi Arabia,SE.ENR.PRSC.FM.ZS,Ratio of girls to boys in primary & secondary school (%),0,0,0,0,0,0,0,0,0,0,0,0,0,0,0,0,0,94.37,0,0,90.699,91.305,0,0
SDN,Sudan,SE.ENR.PRSC.FM.ZS,Ratio of girls to boys in primary & secondary school (%),0,0,0,77.534,78.811,0,0,0,0,0,0,0,0,88.016,87.641,88.077,88.201,88.878,89.289,87.596,89.114,89.4,0,0
SEN,Senegal,SE.ENR.PRSC.FM.ZS,Ratio of girls to boys in primary & secondary school (%),0,0,67.425,0,69.287,0,75.733,0,75.111,76.906,79.136,78.466,81.931,83.644,85.118,86.863,89.405,90.839,92.456,93.765,95.498,0,0,0
SGP,Singapore,SE.ENR.PRSC.FM.ZS,Ratio of girls to boys in primary & secondary school (%),0,0,0,0,0,0,0,0,0,0,0,0,0,0,0,0,0,0,0,0,0,0,0,0
SID,Small island developing states,SE.ENR.PRSC.FM.ZS,Ratio of girls to boys in primary & secondary school (%),0,0,0,0,0,0,0,0,0,0,0,0,0,0,0,0,0,0,0,0,0,0,0,0
SLB,Solomon Islands,SE.ENR.PRSC.FM.ZS,Ratio of girls to boys in primary & secondary school (%),0,0,84.081,83.617,83.522,83.631,85.437,0,0,0,0,89.708,90.487,92.328,91.719,91.784,93.381,93.323,93.991,94.001,0,0,0,0
SLE,Sierra Leone,SE.ENR.PRSC.FM.ZS,Ratio of girls to boys in primary & secondary school (%),0,0,61.836,63.633,0,0,0,0,0,0,0,0,0,68.037,0,0,0,0,0,0,0,0,0,0
SLV,El Salvador,SE.ENR.PRSC.FM.ZS,Ratio of girls to boys in primary & secondary school (%),0,0,0,101.103,100.412,99.735,0,0,0,0,96.098,95.184,95.356,96.353,95.74,97.275,97.546,97.642,98.253,100.795,98.28,0,0,0
SMR,San Marino,SE.ENR.PRSC.FM.ZS,Ratio of girls to boys in primary & secondary school (%),0,0,0,0,0,0,0,0,0,0,0,0,0,0,0,0,0,0,0,0,0,102.753,0,0
SOM,Somalia,SE.ENR.PRSC.FM.ZS,Ratio of girls to boys in primary & secondary school (%),0,0,0,0,0,0,0,0,0,0,0,0,0,0,0,0,0,0,0,53.454,0,0,0,0
SRB,Serbia,SE.ENR.PRSC.FM.ZS,Ratio of girls to boys in primary & secondary school (%),0,0,0,0,0,0,0,0,0,0,0,100.39,101.077,101.12,101.645,102.382,102.1,102.167,102.435,101.898,101.752,101.433,0,0
SSA,Sub-Saharan Africa,SE.ENR.PRSC.FM.ZS,Ratio of girls to boys in primary & secondary school (%),0,0,0,81.7825518015426,0,0,0,0,0,0,0,84.093,84.123,84.637,84.227,84.861,85.267,86.089,86.999,87.597,87.484,88.552,0,0
STP,Sao Tome and Principe,SE.ENR.PRSC.FM.ZS,Ratio of girls to boys in primary & secondary school (%),0,0,0,0,0,0,0,0,0,0,0,0,0,0,0,100.056,98.65,98.97,99.526,101.253,99.952,103.137,100.392,0
SUR,Suriname,SE.ENR.PRSC.FM.ZS,Ratio of girls to boys in primary & secondary school (%),0,0,116.03,107.426,106.139,102.488,0,0,0,0,0,0,0,106.522,112.719,110.373,0,108.52,109.323,108.701,107.411,0,0,0
SVK,Slovak Republic,SE.ENR.PRSC.FM.ZS,Ratio of girls to boys in primary & secondary school (%),0,0,0,0,0,102.345,102.363,103.228,102.188,0,101.198,101.132,100.932,100.735,100.594,100.198,100.589,100.318,100.256,100.319,100.411,100.571,0,0
SVN,Slovenia,SE.ENR.PRSC.FM.ZS,Ratio of girls to boys in primary & secondary school (%),0,0,0,0,0,103.398,103.107,102.885,102.673,102.353,102.255,101.866,103.121,101.373,100.06,99.445,99.957,99.62,99.745,99.295,99.311,99.408,0,0
SWE,Sweden,SE.ENR.PRSC.FM.ZS,Ratio of girls to boys in primary & secondary school (%),0,0,102.317,102.39,102.353,108.211,107.915,108.824,109.902,110.96,115.158,115.267,115.175,114.61,112.425,110.832,101.418,99.63,99.554,99.404,99.277,99.083,0,0
SWZ,Swaziland,SE.ENR.PRSC.FM.ZS,Ratio of girls to boys in primary & secondary school (%),0,0,0,0,0,0,0,0,0,0,96.133,96.069,95.476,96.274,95.147,96.353,94.513,95.197,95.074,92.097,0,0,0,0
SXM,Sint Maarten (Dutch part),SE.ENR.PRSC.FM.ZS,Ratio of girls to boys in primary & secondary school (%),0,0,0,0,0,0,0,0,0,0,0,0,0,0,0,0,0,0,0,0,0,0,0,0
SYC,Seychelles,SE.ENR.PRSC.FM.ZS,Ratio of girls to boys in primary & secondary school (%),0,0,0,0,0,0,0,100.725,0,0,100.568,102.864,103.719,103.361,101.584,101.724,102.973,100.611,0,103.073,104.324,103.471,0,0
SYR,Syrian Arab Republic,SE.ENR.PRSC.FM.ZS,Ratio of girls to boys in primary & secondary school (%),0,0,84.625,85.132,86.131,87.685,88.025,88.668,89.734,90.646,91.519,91.547,92.048,92.118,92.395,93.474,93.78,94.34,95.078,96.148,96.801,97.277,0,0
TCA,Turks and Caicos Islands,SE.ENR.PRSC.FM.ZS,Ratio of girls to boys in primary & secondary school (%),0,0,0,0,0,0,0,0,0,0,0,0,0,0,98.2,97.01,101.12,99.527,0,0,0,0,0,0
TCD,Chad,SE.ENR.PRSC.FM.ZS,Ratio of girls to boys in primary & secondary school (%),0,0,40.916,0,0,0,44.065,44.202,45.194,48.156,50.476,53.263,55.816,57.714,59.133,59.843,59.649,61.013,61.351,64.174,63.611,63.62,0,0
TGO,Togo,SE.ENR.PRSC.FM.ZS,Ratio of girls to boys in primary & secondary school (%),0,0,58.133,59.008,59.691,0,59.934,61.293,62.02,63.565,0,67.085,69.127,70.013,71.309,72.062,73.395,74.241,75.429,75.282,0,0,0,0
THA,Thailand,SE.ENR.PRSC.FM.ZS,Ratio of girls to boys in primary & secondary school (%),0,0,0,98.526,98.894,98.734,0,0,0,0,0,0,0,97.607,98.747,98.819,101.862,100.885,102.131,102.795,102.613,102.95,0,0
TJK,Tajikistan,SE.ENR.PRSC.FM.ZS,Ratio of girls to boys in primary & secondary school (%),0,0,0,0,0,0,0,0,0,0,0,89.761,88.887,87.163,87.614,87.994,88.449,88.327,87.79,88.733,90.556,0,0,0
TKM,Turkmenistan,SE.ENR.PRSC.FM.ZS,Ratio of girls to boys in primary & secondary school (%),0,0,0,0,0,0,0,0,0,0,0,0,0,0,0,0,0,0,0,0,0,0,0,0
TMP,Timor-Leste,SE.ENR.PRSC.FM.ZS,Ratio of girls to boys in primary & secondary school (%),0,0,0,0,0,0,0,0,0,0,0,0,0,0,0,0,94.876,94.768,0,0,0,0,0,0
TON,Tonga,SE.ENR.PRSC.FM.ZS,Ratio of girls to boys in primary & secondary school (%),0,0,99.193,100.56,0,98.115,0,0,0,0,102.974,102.784,102.285,103.115,103.818,0,101.362,0,99.887,0,0,0,0,0
TTO,Trinidad and Tobago,SE.ENR.PRSC.FM.ZS,Ratio of girls to boys in primary & secondary school (%),0,0,102.427,101.267,100.862,101.181,0,0,0,0,0,103.165,103.21,102.112,103.786,101.911,101.057,100.066,0,100.812,100.794,0,0,0
TUN,Tunisia,SE.ENR.PRSC.FM.ZS,Ratio of girls to boys in primary & secondary school (%),0,0,84.569,86.005,87.72,89.195,90.912,92.019,93.32,94.533,0,97.44,99.48,99.994,99.696,101.846,0,103.271,103.481,0,103.339,103.426,0,0
TUR,Turkey,SE.ENR.PRSC.FM.ZS,Ratio of girls to boys in primary & secondary school (%),0,0,80.768,80.927,81.293,81.315,82.277,81.463,0,0,0,80.894,82.854,82.729,82.676,82.78,85.808,89.36,90.077,90.963,92.875,0,0,0
TUV,Tuvalu,SE.ENR.PRSC.FM.ZS,Ratio of girls to boys in primary & secondary school (%),0,0,0,0,0,0,0,0,0,0,0,0,0,112.349,0,0,0,0,0,0,0,0,0,0
TZA,Tanzania,SE.ENR.PRSC.FM.ZS,Ratio of girls to boys in primary & secondary school (%),0,0,97.074,96.688,95.852,96.135,96.909,97.251,97.748,97.968,0,98.891,97.486,96.858,95.615,94.812,95.123,95.456,96.336,96.707,93.383,96.114,0,0
UGA,Uganda,SE.ENR.PRSC.FM.ZS,Ratio of girls to boys in primary & secondary school (%),0,0,77.929,0,76.66,0,0,0,0,85.753,89.072,90.004,92.759,95.044,97.123,96.719,97.075,97.642,98.664,98.466,98.944,98.744,0,0
UKR,Ukraine,SE.ENR.PRSC.FM.ZS,Ratio of girls to boys in primary & secondary school (%),0,0,101.793,101.753,101.337,104.271,104.496,0,0,0,0,101.892,100.2,99.065,100.047,99.606,98.764,94.493,98.686,99.582,98.806,98.699,0,0
UMC,Upper middle income,SE.ENR.PRSC.FM.ZS,Ratio of girls to boys in primary & secondary school (%),0,0,0,98.3772753669947,0,0,0,0,0,0,0,98.371,98.869,99.366,99.634,99.903,100.509,101.227,101.819,102.161,102.494,102.837,0,0
URY,Uruguay,SE.ENR.PRSC.FM.ZS,Ratio of girls to boys in primary & secondary school (%),0,0,0,0,0,0,106.958,107.459,0,0,112.026,106.277,105.078,104.978,104.538,105.625,105.586,105.43,105.662,97.926,103.913,0,0,0
USA,United States,SE.ENR.PRSC.FM.ZS,Ratio of girls to boys in primary & secondary school (%),0,0,99.301,99.663,0,98.877,99.089,100.025,99.23,0,103.071,0,99.539,100.371,99.851,100.065,99.436,100.343,100.16,100.338,100.088,101.173,0,0
UZB,Uzbekistan,SE.ENR.PRSC.FM.ZS,Ratio of girls to boys in primary & secondary school (%),0,0,0,0,0,0,0,0,0,0,0,98.932,97.993,97.728,97.352,97.336,96.573,97.137,97.437,97.984,98.288,98.657,0,0
VCT,St. Vincent and the Grenadines,SE.ENR.PRSC.FM.ZS,Ratio of girls to boys in primary & secondary school (%),0,0,0,106.551,0,0,0,0,0,0,0,0,106.233,102.196,100.903,100.898,99.928,101.418,0,0,99.762,97.699,0,0
VEN,"Venezuela, RB",SE.ENR.PRSC.FM.ZS,Ratio of girls to boys in primary & secondary school (%),0,0,0,105.181,104.629,104.677,0,0,0,0,0,104.979,104.526,104.027,103.781,103.565,103.341,103.259,102.997,102.578,102.196,101.873,0,0
VIR,Virgin Islands (U.S.),SE.ENR.PRSC.FM.ZS,Ratio of girls to boys in primary & secondary school (%),0,0,0,0,0,0,0,0,0,0,0,0,0,0,0,0,0,0,0,0,0,0,0,0
VNM,Vietnam,SE.ENR.PRSC.FM.ZS,Ratio of girls to boys in primary & secondary school (%),0,0,0,0,0,0,0,0,0,0,92.539,91.723,93.107,93.223,0,0,0,0,0,0,0,0,0,0
VUT,Vanuatu,SE.ENR.PRSC.FM.ZS,Ratio of girls to boys in primary & secondary school (%),0,0,0,92.711,0,0,0,0,0,0,0,95.295,100.746,96.561,97.732,95.101,94.763,0,0,0,99.362,99.5,0,0
WBG,West Bank and Gaza,SE.ENR.PRSC.FM.ZS,Ratio of girls to boys in primary & secondary school (%),0,0,0,0,0,0,0,99.441,100.04,101.208,0,102.505,103.393,104.614,103.838,103.437,103.092,102.908,103.942,104.138,104.414,104.285,0,0
WLD,World,SE.ENR.PRSC.FM.ZS,Ratio of girls to boys in primary & secondary school (%),0,0,0,86.6817682597219,0,0,0,0,0,0,0,91.752,92.015,92.52,92.881,94.596,94.508,95.005,95.356,95.972,96.16,96.457,0,0
WSM,Samoa,SE.ENR.PRSC.FM.ZS,Ratio of girls to boys in primary & secondary school (%),0,0,0,0,0,0,0,103.67,102.4,0,107.361,103.803,106.122,105.88,104.73,104.897,104.637,104.527,0,0,0,104.574,0,0
YEM,"Yemen, Rep.",SE.ENR.PRSC.FM.ZS,Ratio of girls to boys in primary & secondary school (%),0,0,0,0,0,0,0,0,0,0,0,49.901,55.597,55.461,0,60.681,62.692,65.652,0,0,0,0,0,0
ZAF,South Africa,SE.ENR.PRSC.FM.ZS,Ratio of girls to boys in primary & secondary school (%),0,0,103.494,103.857,0,0,102.05,0,0,0,102.61,102.203,100.335,100.938,100.397,99.964,99.895,99.754,99.642,99.556,99.154,99.432,0,0
ZAR,"Congo, Dem. Rep.",SE.ENR.PRSC.FM.ZS,Ratio of girls to boys in primary & secondary school (%),0,0,0,0,69.549,70.352,66.992,66.713,0,0,0,79.764,0,0,73.246,0,0,0,0,73.445,75.821,76.823,0,0
ZMB,Zambia,SE.ENR.PRSC.FM.ZS,Ratio of girls to boys in primary & secondary school (%),0,0,0,0,0,0,0,0,0,0,90.554,90.1091632172226,91.3521189094726,90.9368393433139,91.5216685522754,0,93.1866401464488,93.3526992452846,0,96.1704074427378,95.4779740062293,95.8476291490085,0,0
ZWE,Zimbabwe,SE.ENR.PRSC.FM.ZS,Ratio of girls to boys in primary & secondary school (%),0,0,96.423,92.097,93.745,0,0,93.983,94.32,0,0,94.5639114721197,94.4313816586215,94.8778520998259,95.2778822409546,96.2417375006411,0,0,97.1066190566076,0,0,0,0,0
